<?xml version="1.0" encoding="UTF-8"?>
<project-private xmlns="http://www.netbeans.org/ns/project-private/1">
    <editor-bookmarks xmlns="http://www.netbeans.org/ns/editor-bookmarks/2" lastBookmarkId="0"/>
    <open-files xmlns="http://www.netbeans.org/ns/projectui-open-files/2">
        <group>
            <file>file:/C:/Users/ELnour/Documents/NetBeansProjects/EmployeeData1/web/insertEmployee.jsp</file>
            <file>file:/C:/Users/ELnour/Documents/NetBeansProjects/EmployeeData1/web/updateEmployee.jsp</file>
            <file>file:/C:/Users/ELnour/Documents/NetBeansProjects/EmployeeData1/src/java/com/store/countroller/OperationCountoller.java</file>
            <file>file:/C:/Users/ELnour/Documents/NetBeansProjects/EmployeeData1/web/ListsEmployee.jsp</file>
        </group>
    </open-files>
</project-private>
